[{"exerciseSysPresetId":54,"name":"慢走（3km/h）","language":"zh-Hans-CN","intensityCategoryName":"低","hourKcalPerKg":2.63,"updateTime":"2023-06-09 15:50:17"},{"exerciseSysPresetId":55,"name":"中速走（4km/h）","language":"zh-Hans-CN","intensityCategoryName":"中","hourKcalPerKg":3.15,"updateTime":"2023-06-09 15:50:17"},{"exerciseSysPresetId":56,"name":"自然走（4.8km/h）","language":"zh-Hans-CN","intensityCategoryName":"中","hourKcalPerKg":3.47,"updateTime":"2023-06-09 15:50:17"},{"exerciseSysPresetId":57,"name":"快步走（5.6km/h）","language":"zh-Hans-CN","intensityCategoryName":"中","hourKcalPerKg":4.2,"updateTime":"2023-06-09 15:50:17"},{"exerciseSysPresetId":58,"name":"竞走（6.4km/h）","language":"zh-Hans-CN","intensityCategoryName":"中","hourKcalPerKg":5.25,"updateTime":"2023-06-09 15:50:17"},{"exerciseSysPresetId":59,"name":"慢跑","language":"zh-Hans-CN","intensityCategoryName":"高","hourKcalPerKg":7.35,"updateTime":"2023-06-09 15:50:17"},{"exerciseSysPresetId":60,"name":"跑步（8km/h）","language":"zh-Hans-CN","intensityCategoryName":"高","hourKcalPerKg":8.4,"updateTime":"2023-06-09 15:50:17"},{"exerciseSysPresetId":61,"name":"跑步（9.6km/h）","language":"zh-Hans-CN","intensityCategoryName":"高","hourKcalPerKg":10.5,"updateTime":"2023-06-09 15:50:17"},{"exerciseSysPresetId":62,"name":"走跑结合（慢跑时间<10min）","language":"zh-Hans-CN","intensityCategoryName":"高","hourKcalPerKg":6.3,"updateTime":"2023-06-09 15:50:17"},{"exerciseSysPresetId":63,"name":"步行下楼","language":"zh-Hans-CN","intensityCategoryName":"中","hourKcalPerKg":3.15,"updateTime":"2023-06-09 15:50:17"},{"exerciseSysPresetId":64,"name":"中速步行上楼","language":"zh-Hans-CN","intensityCategoryName":"中","hourKcalPerKg":4.2,"updateTime":"2023-06-09 15:50:17"},{"exerciseSysPresetId":65,"name":"步行上楼（负重0.5～7kg）","language":"zh-Hans-CN","intensityCategoryName":"中","hourKcalPerKg":5.25,"updateTime":"2023-06-09 15:50:17"},{"exerciseSysPresetId":66,"name":"步行上楼（负重7.5～11kg）","language":"zh-Hans-CN","intensityCategoryName":"高","hourKcalPerKg":6.3,"updateTime":"2023-06-09 15:50:17"},{"exerciseSysPresetId":67,"name":"步行下山","language":"zh-Hans-CN","intensityCategoryName":"中","hourKcalPerKg":3.15,"updateTime":"2023-06-09 15:50:17"},{"exerciseSysPresetId":68,"name":"快步上山（5.6km/h）","language":"zh-Hans-CN","intensityCategoryName":"高","hourKcalPerKg":6.3,"updateTime":"2023-06-09 15:50:17"},{"exerciseSysPresetId":69,"name":"跳绳（慢速）","language":"zh-Hans-CN","intensityCategoryName":"高","hourKcalPerKg":8.4,"updateTime":"2023-06-09 15:50:17"},{"exerciseSysPresetId":70,"name":"跳绳（中速）","language":"zh-Hans-CN","intensityCategoryName":"高","hourKcalPerKg":10.5,"updateTime":"2023-06-09 15:50:17"},{"exerciseSysPresetId":71,"name":"游泳","language":"zh-Hans-CN","intensityCategoryName":"高","hourKcalPerKg":8.4,"updateTime":"2023-06-09 15:50:17"},{"exerciseSysPresetId":72,"name":"平地骑车（<12km/h）","language":"zh-Hans-CN","intensityCategoryName":"中","hourKcalPerKg":3.15,"updateTime":"2023-06-09 15:50:17"},{"exerciseSysPresetId":73,"name":"平地骑车（12～16km/h）","language":"zh-Hans-CN","intensityCategoryName":"中","hourKcalPerKg":4.2,"updateTime":"2023-06-09 15:50:17"},{"exerciseSysPresetId":74,"name":"平地骑车（16～19km/h）","language":"zh-Hans-CN","intensityCategoryName":"高","hourKcalPerKg":6.3,"updateTime":"2023-06-09 15:50:17"},{"exerciseSysPresetId":75,"name":"一般健身房运动","language":"zh-Hans-CN","intensityCategoryName":"中","hourKcalPerKg":5.78,"updateTime":"2023-06-09 15:50:17"},{"exerciseSysPresetId":76,"name":"瑜伽","language":"zh-Hans-CN","intensityCategoryName":"低","hourKcalPerKg":2.63,"updateTime":"2023-06-09 15:50:17"},{"exerciseSysPresetId":77,"name":"舞厅舞","language":"zh-Hans-CN","intensityCategoryName":"中","hourKcalPerKg":3.15,"updateTime":"2023-06-09 15:50:17"},{"exerciseSysPresetId":78,"name":"慢舞（华尔兹）","language":"zh-Hans-CN","intensityCategoryName":"中","hourKcalPerKg":3.15,"updateTime":"2023-06-09 15:50:17"},{"exerciseSysPresetId":79,"name":"慢舞（狐步）","language":"zh-Hans-CN","intensityCategoryName":"中","hourKcalPerKg":3.15,"updateTime":"2023-06-09 15:50:17"},{"exerciseSysPresetId":80,"name":"慢速舞蹈","language":"zh-Hans-CN","intensityCategoryName":"中","hourKcalPerKg":3.15,"updateTime":"2023-06-09 15:50:17"},{"exerciseSysPresetId":81,"name":"迪斯科","language":"zh-Hans-CN","intensityCategoryName":"中","hourKcalPerKg":4.73,"updateTime":"2023-06-09 15:50:17"},{"exerciseSysPresetId":82,"name":"集体舞（骑兵舞）","language":"zh-Hans-CN","intensityCategoryName":"中","hourKcalPerKg":5.78,"updateTime":"2023-06-09 15:50:17"},{"exerciseSysPresetId":83,"name":"集体舞（邀请舞）","language":"zh-Hans-CN","intensityCategoryName":"中","hourKcalPerKg":5.78,"updateTime":"2023-06-09 15:50:17"},{"exerciseSysPresetId":84,"name":"太极拳","language":"zh-Hans-CN","intensityCategoryName":"中","hourKcalPerKg":4.2,"updateTime":"2023-06-09 15:50:17"},{"exerciseSysPresetId":85,"name":"早操","language":"zh-Hans-CN","intensityCategoryName":"中","hourKcalPerKg":3.68,"updateTime":"2023-06-09 15:50:17"},{"exerciseSysPresetId":86,"name":"工间操","language":"zh-Hans-CN","intensityCategoryName":"中","hourKcalPerKg":3.68,"updateTime":"2023-06-09 15:50:17"},{"exerciseSysPresetId":87,"name":"课间操","language":"zh-Hans-CN","intensityCategoryName":"中","hourKcalPerKg":3.68,"updateTime":"2023-06-09 15:50:17"},{"exerciseSysPresetId":88,"name":"家庭锻炼（轻中用力）","language":"zh-Hans-CN","intensityCategoryName":"中","hourKcalPerKg":3.68,"updateTime":"2023-06-09 15:50:17"},{"exerciseSysPresetId":89,"name":"起蹲锻炼","language":"zh-Hans-CN","intensityCategoryName":"中","hourKcalPerKg":5.78,"updateTime":"2023-06-09 15:50:17"},{"exerciseSysPresetId":90,"name":"打羽毛球","language":"zh-Hans-CN","intensityCategoryName":"中","hourKcalPerKg":4.73,"updateTime":"2023-06-09 15:50:17"},{"exerciseSysPresetId":91,"name":"打篮球","language":"zh-Hans-CN","intensityCategoryName":"高","hourKcalPerKg":6.3,"updateTime":"2023-06-09 15:50:17"},{"exerciseSysPresetId":92,"name":"打乒乓球","language":"zh-Hans-CN","intensityCategoryName":"中","hourKcalPerKg":4.2,"updateTime":"2023-06-09 15:50:17"},{"exerciseSysPresetId":93,"name":"踢足球","language":"zh-Hans-CN","intensityCategoryName":"高","hourKcalPerKg":7.35,"updateTime":"2023-06-09 15:50:17"},{"exerciseSysPresetId":94,"name":"打排球","language":"zh-Hans-CN","intensityCategoryName":"中","hourKcalPerKg":3.15,"updateTime":"2023-06-09 15:50:17"},{"exerciseSysPresetId":95,"name":"打高尔夫球","language":"zh-Hans-CN","intensityCategoryName":"中","hourKcalPerKg":4.73,"updateTime":"2023-06-09 15:50:17"},{"exerciseSysPresetId":96,"name":"打网球","language":"zh-Hans-CN","intensityCategoryName":"中","hourKcalPerKg":5.25,"updateTime":"2023-06-09 15:50:17"},{"exerciseSysPresetId":97,"name":"轮滑旱冰","language":"zh-Hans-CN","intensityCategoryName":"高","hourKcalPerKg":7.35,"updateTime":"2023-06-09 15:50:17"},{"exerciseSysPresetId":98,"name":"滑冰","language":"zh-Hans-CN","intensityCategoryName":"高","hourKcalPerKg":8.4,"updateTime":"2023-06-09 15:50:17"},{"exerciseSysPresetId":99,"name":"洗盘子","language":"zh-Hans-CN","intensityCategoryName":"低","hourKcalPerKg":2.42,"updateTime":"2023-06-09 15:50:17"},{"exerciseSysPresetId":100,"name":"熨烫衣物","language":"zh-Hans-CN","intensityCategoryName":"低","hourKcalPerKg":2.42,"updateTime":"2023-06-09 15:50:17"},{"exerciseSysPresetId":101,"name":"做饭或准备食物","language":"zh-Hans-CN","intensityCategoryName":"低","hourKcalPerKg":2.63,"updateTime":"2023-06-09 15:50:17"},{"exerciseSysPresetId":102,"name":"在家走动","language":"zh-Hans-CN","intensityCategoryName":"低","hourKcalPerKg":2.63,"updateTime":"2023-06-09 15:50:17"},{"exerciseSysPresetId":103,"name":"看孩子（坐位）","language":"zh-Hans-CN","intensityCategoryName":"低","hourKcalPerKg":2.63,"updateTime":"2023-06-09 15:50:17"},{"exerciseSysPresetId":104,"name":"擦窗户","language":"zh-Hans-CN","intensityCategoryName":"低","hourKcalPerKg":2.94,"updateTime":"2023-06-09 15:50:17"},{"exerciseSysPresetId":105,"name":"整理床铺","language":"zh-Hans-CN","intensityCategoryName":"中","hourKcalPerKg":3.15,"updateTime":"2023-06-09 15:50:17"},{"exerciseSysPresetId":106,"name":"搬桌椅","language":"zh-Hans-CN","intensityCategoryName":"中","hourKcalPerKg":3.15,"updateTime":"2023-06-09 15:50:17"},{"exerciseSysPresetId":107,"name":"清扫地毯","language":"zh-Hans-CN","intensityCategoryName":"中","hourKcalPerKg":3.47,"updateTime":"2023-06-09 15:50:17"},{"exerciseSysPresetId":108,"name":"拖地板、吸尘","language":"zh-Hans-CN","intensityCategoryName":"中","hourKcalPerKg":3.68,"updateTime":"2023-06-09 15:50:17"},{"exerciseSysPresetId":109,"name":"和孩子游戏（走/跑）","language":"zh-Hans-CN","intensityCategoryName":"中","hourKcalPerKg":4.2,"updateTime":"2023-06-09 15:50:17"},{"exerciseSysPresetId":110,"name":"柔软活动（压腿、拉韧带）","language":"zh-Hans-CN","intensityCategoryName":"低","hourKcalPerKg":2.63,"updateTime":"2023-06-09 15:50:17"},{"exerciseSysPresetId":111,"name":"踩水（中等用力）","language":"zh-Hans-CN","intensityCategoryName":"中","hourKcalPerKg":4.2,"updateTime":"2023-06-09 15:50:17"},{"exerciseSysPresetId":112,"name":"爬绳","language":"zh-Hans-CN","intensityCategoryName":"中","hourKcalPerKg":4.73,"updateTime":"2023-06-09 15:50:17"}]