[{"insulinSysPresetId":18,"categoryName":"超速效胰岛素","name":"速效门冬胰岛素","language":"zh-Hans-CN","tradeName":"Fiasp","manufacturer":"诺和诺德","updateTime":"2023-06-09 15:28:29"},{"insulinSysPresetId":19,"categoryName":"超速效胰岛素","name":"赖脯胰岛素","language":"zh-Hans-CN","manufacturer":"通化东宝","updateTime":"2023-06-09 15:29:10"},{"insulinSysPresetId":20,"categoryName":"速效胰岛素类似物","name":"门冬胰岛素","language":"zh-Hans-CN","tradeName":"诺和锐","manufacturer":"诺和诺德","updateTime":"2023-06-09 15:28:29"},{"insulinSysPresetId":21,"categoryName":"速效胰岛素类似物","name":"门冬胰岛素","language":"zh-Hans-CN","tradeName":"锐秀霖","manufacturer":"甘李","updateTime":"2023-06-09 15:28:29"},{"insulinSysPresetId":22,"categoryName":"速效胰岛素类似物","name":"门冬胰岛素","language":"zh-Hans-CN","tradeName":"锐舒霖","manufacturer":"通化东宝","updateTime":"2023-06-09 15:28:29"},{"insulinSysPresetId":23,"categoryName":"速效胰岛素类似物","name":"门冬胰岛素","language":"zh-Hans-CN","tradeName":"优倍灵","manufacturer":"联邦","updateTime":"2023-06-09 15:28:29"},{"insulinSysPresetId":24,"categoryName":"速效胰岛素类似物","name":"赖脯胰岛素","language":"zh-Hans-CN","tradeName":"优泌乐","manufacturer":"礼来","updateTime":"2023-06-09 15:28:29"},{"insulinSysPresetId":25,"categoryName":"速效胰岛素类似物","name":"重组赖脯胰岛素","language":"zh-Hans-CN","tradeName":"速秀霖","manufacturer":"甘李","updateTime":"2023-06-09 15:28:29"},{"insulinSysPresetId":26,"categoryName":"速效胰岛素类似物","name":"谷赖胰岛素","language":"zh-Hans-CN","tradeName":"艾倍得","manufacturer":"赛诺菲","updateTime":"2023-06-09 15:28:29"},{"insulinSysPresetId":27,"categoryName":"短效胰岛素","name":"生物合成人胰岛素","language":"zh-Hans-CN","tradeName":"诺和灵R","manufacturer":"诺和","updateTime":"2023-06-09 15:28:29"},{"insulinSysPresetId":28,"categoryName":"短效胰岛素","name":"重组人胰岛素","language":"zh-Hans-CN","tradeName":"优泌林R","manufacturer":"礼来","updateTime":"2023-06-09 15:28:29"},{"insulinSysPresetId":29,"categoryName":"短效胰岛素","name":"重组人胰岛素","language":"zh-Hans-CN","tradeName":"甘舒霖R","manufacturer":"通化东宝","updateTime":"2023-06-09 15:28:29"},{"insulinSysPresetId":30,"categoryName":"短效胰岛素","name":"重组人胰岛素","language":"zh-Hans-CN","tradeName":"重和林R","manufacturer":"拜耳","updateTime":"2023-06-09 15:28:29"},{"insulinSysPresetId":31,"categoryName":"短效胰岛素","name":"重组人胰岛素","language":"zh-Hans-CN","tradeName":"万邦林R","manufacturer":"万邦","updateTime":"2023-06-09 15:28:29"},{"insulinSysPresetId":32,"categoryName":"短效胰岛素","name":"重组人胰岛素","language":"zh-Hans-CN","tradeName":"优思灵R","manufacturer":"珠海联邦","updateTime":"2023-06-09 15:28:29"},{"insulinSysPresetId":33,"categoryName":"短效胰岛素","name":"胰岛素注射液","language":"zh-Hans-CN","manufacturer":"万邦","updateTime":"2023-06-09 15:29:12"},{"insulinSysPresetId":34,"categoryName":"中长效胰岛素","name":"精蛋白生物合成人胰岛素","language":"zh-Hans-CN","tradeName":"诺和灵N","manufacturer":"诺和诺德","updateTime":"2023-06-09 15:28:29"},{"insulinSysPresetId":35,"categoryName":"中长效胰岛素","name":"精蛋白锌重组人胰岛素","language":"zh-Hans-CN","tradeName":"优泌林N","manufacturer":"礼来","updateTime":"2023-06-09 15:28:29"},{"insulinSysPresetId":36,"categoryName":"中长效胰岛素","name":"精蛋白重组人胰岛素","language":"zh-Hans-CN","tradeName":"甘舒霖N","manufacturer":"通化东宝","updateTime":"2023-06-09 15:28:29"},{"insulinSysPresetId":37,"categoryName":"中长效胰岛素","name":"精蛋白重组人胰岛素","language":"zh-Hans-CN","tradeName":"重和林N","manufacturer":"拜耳","updateTime":"2023-06-09 15:28:29"},{"insulinSysPresetId":38,"categoryName":"中长效胰岛素","name":"精蛋白重组人胰岛素","language":"zh-Hans-CN","tradeName":"优思灵N","manufacturer":"珠海联邦","updateTime":"2023-06-09 15:28:29"},{"insulinSysPresetId":39,"categoryName":"中长效胰岛素","name":"精蛋白重组人胰岛素","language":"zh-Hans-CN","tradeName":"万邦林N","manufacturer":"万邦","updateTime":"2023-06-09 15:28:29"},{"insulinSysPresetId":40,"categoryName":"中长效胰岛素","name":"精蛋白锌胰岛素","language":"zh-Hans-CN","manufacturer":"万邦","updateTime":"2023-06-09 15:29:14"},{"insulinSysPresetId":41,"categoryName":"中长效胰岛素","name":"低精蛋白锌重组人胰岛素","language":"zh-Hans-CN","tradeName":"万苏林","manufacturer":"万邦","updateTime":"2023-06-09 15:28:29"},{"insulinSysPresetId":42,"categoryName":"超长效胰岛素","name":"甘精胰岛素","language":"zh-Hans-CN","tradeName":"来得时","manufacturer":"赛诺菲","updateTime":"2023-06-09 15:28:29"},{"insulinSysPresetId":43,"categoryName":"超长效胰岛素","name":"甘精胰岛素","language":"zh-Hans-CN","tradeName":"来优时","manufacturer":"赛诺菲","updateTime":"2023-06-09 15:28:29"},{"insulinSysPresetId":44,"categoryName":"超长效胰岛素","name":"重组甘精胰岛素","language":"zh-Hans-CN","tradeName":"长秀霖","manufacturer":"甘李","updateTime":"2023-06-09 15:28:29"},{"insulinSysPresetId":45,"categoryName":"超长效胰岛素","name":"甘精胰岛素","language":"zh-Hans-CN","tradeName":"长舒林","manufacturer":"通化东宝","updateTime":"2023-06-09 15:28:29"},{"insulinSysPresetId":46,"categoryName":"超长效胰岛素","name":"甘精胰岛素","language":"zh-Hans-CN","tradeName":"优乐林","manufacturer":"联邦","updateTime":"2023-06-09 15:28:29"},{"insulinSysPresetId":47,"categoryName":"超长效胰岛素","name":"甘精胰岛素","language":"zh-Hans-CN","tradeName":"平舒霖","manufacturer":"通化东宝","updateTime":"2023-06-09 15:28:29"},{"insulinSysPresetId":48,"categoryName":"超长效胰岛素","name":"甘精胰岛素","language":"zh-Hans-CN","manufacturer":"东阳光","updateTime":"2023-06-09 15:29:16"},{"insulinSysPresetId":49,"categoryName":"超长效胰岛素","name":"地特胰岛素","language":"zh-Hans-CN","tradeName":"诺和平","manufacturer":"诺和诺德","updateTime":"2023-06-09 15:28:29"},{"insulinSysPresetId":50,"categoryName":"超长效胰岛素","name":"德谷胰岛素","language":"zh-Hans-CN","tradeName":"诺和达","manufacturer":"诺和诺德","updateTime":"2023-06-09 15:28:29"},{"insulinSysPresetId":51,"categoryName":"预混胰岛素","name":"精蛋白生物合成人胰岛素30R","language":"zh-Hans-CN","tradeName":"诺和灵30R","manufacturer":"诺和诺德","updateTime":"2023-06-09 15:28:30"},{"insulinSysPresetId":52,"categoryName":"预混胰岛素","name":"精蛋白生物合成人胰岛素50R","language":"zh-Hans-CN","tradeName":"诺和灵50R","manufacturer":"诺和诺德","updateTime":"2023-06-09 15:28:30"},{"insulinSysPresetId":53,"categoryName":"预混胰岛素","name":"精蛋白锌重组人胰岛素70/30","language":"zh-Hans-CN","tradeName":"优泌林70/30","manufacturer":"礼来","updateTime":"2023-06-09 15:28:30"},{"insulinSysPresetId":54,"categoryName":"预混胰岛素","name":"混合重组人胰岛素30/70","language":"zh-Hans-CN","tradeName":"甘舒霖30R","manufacturer":"通化东宝","updateTime":"2023-06-09 15:28:30"},{"insulinSysPresetId":55,"categoryName":"预混胰岛素","name":"混合重组人胰岛素40/60","language":"zh-Hans-CN","tradeName":"甘舒霖40R","manufacturer":"通化东宝","updateTime":"2023-06-09 15:28:30"},{"insulinSysPresetId":56,"categoryName":"预混胰岛素","name":"混合重组人胰岛素50/50","language":"zh-Hans-CN","tradeName":"甘舒霖50R","manufacturer":"通化东宝","updateTime":"2023-06-09 15:28:30"},{"insulinSysPresetId":57,"categoryName":"预混胰岛素","name":"精蛋白重组人胰岛素30/70","language":"zh-Hans-CN","tradeName":"重和林M30","manufacturer":"拜耳","updateTime":"2023-06-09 15:28:30"},{"insulinSysPresetId":58,"categoryName":"预混胰岛素","name":"精蛋白重组人胰岛素30/70","language":"zh-Hans-CN","tradeName":"优思灵30R","manufacturer":"珠海联邦","updateTime":"2023-06-09 15:28:30"},{"insulinSysPresetId":59,"categoryName":"预混胰岛素","name":"精蛋白重组人胰岛素50/50","language":"zh-Hans-CN","tradeName":"优思灵50R","manufacturer":"珠海联邦","updateTime":"2023-06-09 15:28:30"},{"insulinSysPresetId":60,"categoryName":"预混胰岛素类似物","name":"门冬胰岛素30","language":"zh-Hans-CN","tradeName":"诺和锐30","manufacturer":"诺和诺德","updateTime":"2023-06-09 15:28:30"},{"insulinSysPresetId":61,"categoryName":"预混胰岛素类似物","name":"门冬胰岛素50","language":"zh-Hans-CN","tradeName":"诺和锐50","manufacturer":"诺和诺德","updateTime":"2023-06-09 15:28:30"},{"insulinSysPresetId":62,"categoryName":"预混胰岛素类似物","name":"门冬胰岛素30","language":"zh-Hans-CN","tradeName":"锐秀霖30","manufacturer":"甘李","updateTime":"2023-06-09 15:28:30"},{"insulinSysPresetId":63,"categoryName":"预混胰岛素类似物","name":"门冬胰岛素30","language":"zh-Hans-CN","tradeName":"优倍灵30","manufacturer":"联邦","updateTime":"2023-06-09 15:28:30"},{"insulinSysPresetId":64,"categoryName":"预混胰岛素类似物","name":"精蛋白锌重组赖脯胰岛素25R","language":"zh-Hans-CN","tradeName":"优泌乐25","manufacturer":"礼来","updateTime":"2023-06-09 15:28:30"},{"insulinSysPresetId":65,"categoryName":"预混胰岛素类似物","name":"精蛋白锌重组赖脯胰岛素50R","language":"zh-Hans-CN","tradeName":"优泌乐50","manufacturer":"礼来","updateTime":"2023-06-09 15:28:30"},{"insulinSysPresetId":66,"categoryName":"预混胰岛素类似物","name":"精蛋白锌重组赖脯胰岛素25R","language":"zh-Hans-CN","tradeName":"速秀霖25","manufacturer":"甘李","updateTime":"2023-06-09 15:28:30"},{"insulinSysPresetId":67,"categoryName":"预混胰岛素类似物","name":"德谷门冬双胰岛素","language":"zh-Hans-CN","tradeName":"诺和佳","manufacturer":"诺和诺德","updateTime":"2023-06-09 15:28:30"}]