[{"name":"U","value":0,"eventType":4,"isDefault":0,"ratio":1,"language":"zh-Hans-CN","updateTime":"2023-06-12 15:23:00"},{"name":"分钟","value":0,"eventType":3,"isDefault":0,"ratio":1,"language":"zh-Hans-CN","updateTime":"2023-06-09 16:57:34"},{"name":"小时","value":1,"eventType":3,"isDefault":1,"ratio":60,"language":"zh-Hans-CN","updateTime":"2023-06-09 16:57:13"},{"name":"毫克","value":0,"eventType":2,"isDefault":0,"ratio":1,"language":"zh-Hans-CN","updateTime":"2023-06-09 16:55:15"},{"name":"克","value":1,"eventType":2,"isDefault":1,"ratio":1000,"language":"zh-Hans-CN","updateTime":"2023-06-09 16:55:19"},{"name":"片","value":2,"eventType":2,"isDefault":1,"ratio":0.2,"language":"zh-Hans-CN","updateTime":"2023-06-09 16:55:25"},{"name":"粒","value":3,"eventType":2,"isDefault":1,"ratio":0.5,"language":"zh-Hans-CN","updateTime":"2023-06-09 16:55:52"},{"name":"克","value":0,"eventType":1,"isDefault":0,"ratio":1,"language":"zh-Hans-CN","updateTime":"2023-06-09 16:43:22"},{"name":"千克","value":1,"eventType":1,"isDefault":1,"ratio":1000,"language":"zh-Hans-CN","updateTime":"2023-06-09 16:43:56"},{"name":"毫升","value":2,"eventType":1,"isDefault":1,"ratio":1,"language":"zh-Hans-CN","updateTime":"2023-06-09 16:44:04"},{"name":"升","value":3,"eventType":1,"isDefault":1,"ratio":1000,"language":"zh-Hans-CN","updateTime":"2023-06-09 16:44:19"},{"name":"两","value":4,"eventType":1,"isDefault":1,"ratio":50,"language":"zh-Hans-CN","updateTime":"2023-06-08 16:45:50"},{"name":"斤","value":5,"eventType":1,"isDefault":1,"ratio":500,"language":"zh-Hans-CN","updateTime":"2023-06-08 16:45:53"},{"name":"minute","value":0,"eventType":3,"isDefault":0,"ratio":1,"updateTime":"2023-06-09 17:19:09"},{"name":"hour","value":1,"eventType":3,"isDefault":1,"ratio":60,"updateTime":"2023-06-09 17:19:10"},{"name":"mg","value":0,"eventType":2,"isDefault":0,"ratio":1,"updateTime":"2023-06-09 17:19:11"},{"name":"g","value":1,"eventType":2,"isDefault":1,"ratio":1000,"updateTime":"2023-06-09 17:19:14"},{"name":"piece","value":2,"eventType":2,"isDefault":1,"ratio":0.2,"updateTime":"2023-06-09 17:19:23"},{"name":"capsule","value":3,"eventType":2,"isDefault":1,"ratio":0.5,"updateTime":"2023-06-09 17:19:22"},{"name":"g","value":0,"eventType":1,"isDefault":0,"ratio":1,"updateTime":"2023-06-09 17:19:24"},{"name":"kg","value":1,"eventType":1,"isDefault":1,"ratio":1000,"updateTime":"2023-06-09 17:19:25"},{"name":"mL","value":2,"eventType":1,"isDefault":1,"ratio":1,"updateTime":"2023-06-09 17:19:27"},{"name":"L","value":3,"eventType":1,"isDefault":1,"ratio":1000,"updateTime":"2023-06-09 17:19:29"},{"name":"U","value":0,"eventType":4,"isDefault":0,"ratio":1,"updateTime":"2023-06-12 15:22:52"}]